{
    "back": {
        "0": {
            "box": [
                264.0,
                225.0,
                957.0,
                579.0
            ],
            "conf": 0.592765748500824,
            "cls_name": "car",
            "angle": 349.4385850026425,
            "distance": 133.0
        }
    },
    "front": {
        "0": {
            "box": [
                224.0,
                332.0,
                884.0,
                702.0
            ],
            "conf": 0.368572473526001,
            "cls_name": "car",
            "angle": 171.78357466397355,
            "distance": 175.0
        }
    }
}